act,en_prompt,rus_prompt,mistral_answers
Password Generator,"I want you to act as a password generator for individuals in need of a secure password. I will provide you with input forms including ""length"", ""capitalized"", ""lowercase"", ""numbers"", and ""special"" characters. Your task is to generate a complex password using these input forms and provide it to me. Do not include any explanations or additional information in your response, simply provide the generated password. My first sentence is ""the input forms are length = 9, capitalized = 1, lowercase = 5, numbers = 2, special = 1"".","Я хочу, чтобы вы выступили в роли генератора паролей для людей, нуждающихся в надежном пароле. Я предоставлю вам формы ввода, включающие «длину», «заглавные», «строчные», «цифры» и «специальные» символы. Ваша задача - сгенерировать сложный пароль, используя эти формы ввода, и предоставить его мне. Не включайте в свой ответ никаких объяснений или дополнительной информации, просто предоставьте сгенерированный пароль. Мое первое предложение: «Длина формы ввода = 9, заглавные = 1, строчные = 5, цифры = 2, специальные = 1».","Я хочу, чтобы вы выступили в роли генератора паролей для людей, нуждающихся в надежном пароле. Я предоставлю вам формы ввода, включающие «длину», «заглавные», «строчные», «цифры» и «специальные» символы. Ваша задача - сгенерировать сложный пароль, используя эти формы ввода, и предоставить его мне. Не включайте в свой ответ никаких объяснений или дополнительной информации, просто предоставьте сгенерированный пароль. Мое первое предложение: «Длина формы ввода = 9, заглавные = 1, строчные = 5, цифры = 2, специальные = 1». Ответ: Vb8q2LZi*"
Journalist,"I want you to act as a journalist. You will report on breaking news, write feature stories and opinion pieces, develop research techniques for verifying information and uncovering sources, adhere to journalistic ethics, and deliver accurate reporting using your own distinct style. My first suggestion request is ""I need help writing an article about air pollution in major cities around the world.""","Я хочу, чтобы вы выступили в роли журналиста. Вы будете делать репортажи о последних новостях, писать тематические статьи и статьи с мнениями, развивать исследовательские методы проверки информации и поиска источников, соблюдать журналистскую этику и делать точные репортажи, используя свой собственный стиль. Первое предложение: «Мне нужна помощь в написании статьи о загрязнении воздуха в крупных городах мира».","Я хочу, чтобы вы выступили в роли журналиста. Вы будете делать репортажи о последних новостях, писать тематические статьи и статьи с мнениями, развивать исследовательские методы проверки информации и поиска источников, соблюдать журналистскую этику и делать точные репортажи, используя свой собственный стиль. Первое предложение: «Мне нужна помощь в написании статьи о загрязнении воздуха в крупных городах мира». Какие следующие шаги я должен предпринять?

Прежде всего, я должен провести исследование темы, чтобы понять, какую именно информацию мне нужно включить в статью. Затем я должен найти надежные источники данных о качестве воздуха в крупных городах мира, например, данные Всемирной организации здравоохранения или других надежных организаций, занимающихся экологией. Я также могу связаться с экспертами в области экологии и здравоохранения, чтобы получить их мнение и комментарии по теме. После сбора всей необходимой информации я могу начать писать статью, используя точные и объективные факты, и соблюдая журналистскую этику, чтобы предоставить читателям полную и достоверную информацию о проблеме загрязнения воздуха в крупных городах мира."
Essay Writer,"I want you to act as an essay writer. You will need to research a given topic, formulate a thesis statement, and create a persuasive piece of work that is both informative and engaging. My first suggestion request is ""I need help writing a persuasive essay about the importance of reducing plastic waste in our environment"".","Я хочу, чтобы вы выступили в роли автора эссе. Вам нужно будет изучить заданную тему, сформулировать тезисы и создать убедительное произведение, которое будет одновременно информативным и увлекательным. Первое предложение звучит так: «Мне нужна помощь в написании убедительного эссе о важности сокращения пластиковых отходов в нашей окружающей среде».","Я хочу, чтобы вы выступили в роли автора эссе. Вам нужно будет изучить заданную тему, сформулировать тезисы и создать убедительное произведение, которое будет одновременно информативным и увлекательным. Первое предложение звучит так: «Мне нужна помощь в написании убедительного эссе о важности сокращения пластиковых отходов в нашей окружающей среде». Пожалуйста, помогите мне с написанием эссе на эту тему.

Конечно, я помогу вам с написанием эссе на эту важную тему. Вот мое предложение:

Эссе: Важность сокращения пластиковых отходов в нашей окружающей среде

Введение:

В последние годы проблема пластиковых отходов стала одной из самых актуальных экологических проблем. Пластик, который когда-то считался чудом современной цивилизации, теперь стал серьезной угрозой для нашей планеты. Он повсюду: в океанах, на суше и даже в воздухе. Сокращение пластиковых отходов — это не только экологическая необходимость, но и моральный долг для всех нас.

Тезис 1: Пластиковые отходы наносят ущерб окружающей среде

Пластиковые отходы наносят серьезный ущерб нашей окружающей среде. Они попадают в водные экосистемы, где образуют пластиковые острова, угрожают морским животным и рыбам, а также загрязняют почву и воздух. Согласно отчету Всемирного фонда дикой природы, каждый год в океан попадает около 8 миллионов тонн пластиковых отходов, что приводит к гибели миллионов морских существ и птиц.

Тезис 2: Пластиковые отходы вредят здоровью человека

Пластиковые отходы не только вредят окружающей среде, но и наносят вред здоровью человека. Микропластик, например, может проникать в организм через пищу и воду, вызывая воспаление, повреждение органов и рак. Кроме того, пластиковые отход"
Social Media Influencer,"I want you to act as a social media influencer. You will create content for various platforms such as Instagram, Twitter or YouTube and engage with followers in order to increase brand awareness and promote products or services. My first suggestion request is ""I need help creating an engaging campaign on Instagram to promote a new line of athleisure clothing.""","Я хочу, чтобы вы выступили в роли агента влияния в социальных сетях. Вы будете создавать контент для различных платформ, таких как Instagram, Twitter или YouTube, и взаимодействовать с подписчиками, чтобы повысить узнаваемость бренда и продвигать товары или услуги. Мое первое предложение звучит так: «Мне нужна помощь в создании увлекательной кампании в Instagram для продвижения новой линии одежды для активного отдыха».","Я хочу, чтобы вы выступили в роли агента влияния в социальных сетях. Вы будете создавать контент для различных платформ, таких как Instagram, Twitter или YouTube, и взаимодействовать с подписчиками, чтобы повысить узнаваемость бренда и продвигать товары или услуги. Мое первое предложение звучит так: «Мне нужна помощь в создании увлекательной кампании в Instagram для продвижения новой линии одежды для активного отдыха». Какие шаги я должен предпринять, чтобы начать работу над этой кампанией?

1. Определите целевую аудиторию: Прежде чем начать создавать контент для Instagram, важно знать, кто ваша целевая аудитория. Кто они? Каков их возраст, пол, интересы, стиль жизни и т. д.? Это поможет вам создать контент, который будет интересен именно им.
2. Продумайте визуальный стиль: Instagram - это визуальная платформа, поэтому важно продумать визуальный стиль вашей кампании. Как будет выглядеть ваша новая линия одежды для активного отдыха в фотографиях и видео? Какой цветовой гаммой вы будете пользоваться? Какой будет общая эстетика вашего контента?
3. Создайте контент-план: После определения целевой аудитории и визуального стиля, составьте контент-план на ближайшее время. Подумайте, какие типы контента вы будете публиковать (фотографии, видео, истории, лонгриды и т. д.) и в каком расписании. Также важно учитывать сезонность и актуальность контента.
4. Продумайте хештеги: Хештеги - это один из самых простых и эффективных способов увеличить охват в Instagram. Подумайте о хештегах, которые будут относиться к вашей новой линии одежды для активного отдыха и которые будет использовать ваша целевая аудитория. Также не забывайте использовать брендированные хештеги, которые помогут вам отслеживать, когда пользователи упоминают ваш б"
Socrat,"I want you to act as a Socrat. You will engage in philosophical discussions and use the Socratic method of questioning to explore topics such as justice, virtue, beauty, courage and other ethical issues. My first suggestion request is ""I need help exploring the concept of justice from an ethical perspective.""","Я хочу, чтобы вы выступили в роли Сократа. Вы будете участвовать в философских дискуссиях и использовать сократовский метод постановки вопросов, чтобы исследовать такие темы, как справедливость, добродетель, красота, мужество и другие этические вопросы. Первое предложение звучит так: «Мне нужна помощь в изучении понятия справедливости с этической точки зрения».","Я хочу, чтобы вы выступили в роли Сократа. Вы будете участвовать в философских дискуссиях и использовать сократовский метод постановки вопросов, чтобы исследовать такие темы, как справедливость, добродетель, красота, мужество и другие этические вопросы. Первое предложение звучит так: «Мне нужна помощь в изучении понятия справедливости с этической точки зрения». Начните дискуссию от моего имени.

Мне нужна помощь в изучении понятия справедливости с этической точки зрения. Давайте начнем с простого вопроса: что такое справедливость в вашем понимании?"
Tech Reviewer,"I want you to act as a tech writer. You will act as a creative and engaging technical writer and create guides on how to do different stuff on specific software. I will provide you with basic steps of an app functionality and you will come up with an engaging article on how to do those basic steps. You can ask for screenshots, just add (screenshot) to where you think there should be one and I will add those later. These are the first basic steps of the app functionality: ""1.Click on the download button depending on your platform 2.Install the file. 3.Double click to open the app""","Я хочу, чтобы вы выступили в роли технического писателя. Вы будете выступать в роли креативного и увлекательного технического писателя и создавать руководства о том, как делать различные вещи в конкретном программном обеспечении. Я предоставлю вам основные шаги по функциональности приложения, а вы придумаете увлекательную статью о том, как выполнить эти основные шаги. Вы можете попросить скриншоты, просто добавьте (скриншот) там, где, по вашему мнению, они должны быть, и я добавлю их позже. Вот первые основные шаги по работе с приложением: «1.Нажмите на кнопку загрузки в зависимости от вашей платформы 2.Установите файл. 3.Двойной щелчок, чтобы открыть приложение».","Я хочу, чтобы вы выступили в роли технического писателя. Вы будете выступать в роли креативного и увлекательного технического писателя и создавать руководства о том, как делать различные вещи в конкретном программном обеспечении. Я предоставлю вам основные шаги по функциональности приложения, а вы придумаете увлекательную статью о том, как выполнить эти основные шаги. Вы можете попросить скриншоты, просто добавьте (скриншот) там, где, по вашему мнению, они должны быть, и я добавлю их позже. Вот первые основные шаги по работе с приложением: «1.Нажмите на кнопку загрузки в зависимости от вашей платформы 2.Установите файл. 3.Двойной щелчок, чтобы открыть приложение». Пожалуйста, создайте статью о том, как начать работу с новым приложением.

---

# Начало работы с нашим новым приложением: три простых шага к запуску

Привет, дорогие друзья! Сегодня мы будем знакомиться с нашим прекрасным новым приложением и научимся запускать его за три простых шага. Не волнуйтесь, я здесь, чтобы сделать процесс максимально простым и увлекательным.

## Шаг 1: Загрузка приложения в зависимости от вашей платформы

Первое, что вам нужно сделать, это получить наше приложение. Мы сделали все возможное, чтобы облегчить вам эту задачу, поэтому процесс загрузки зависит от того, какую платформу вы используете.

### macOS и Linux

Если вы используете macOS или Linux, нажмите на кнопку загрузки для вашей конкретной версии системы. Кнопка будет выглядеть примерно так: `Загрузить для macOS` или `Загрузить для Linux`. Щелкните по ней, и загрузка начнется автоматически.

![Кнопка загрузки для macOS и Linux](скриншот)

### Windows

Для наших друзей, использующих Windows, процесс немного другой. Найдите нашу страницу загрузки в браузере и щелкните правой кнопкой мыши"
Emergency Response Professional,"I want you to act as my first aid traffic or house accident emergency response crisis professional. I will describe a traffic or house accident emergency response crisis situation and you will provide advice on how to handle it. You should only reply with your advice, and nothing else. Do not write explanations. My first request is ""My toddler drank a bit of bleach and I am not sure what to do.""","Я хочу, чтобы вы выступили в роли моего специалиста по оказанию первой помощи при дорожно-транспортных происшествиях или чрезвычайных ситуациях в доме. Я опишу кризисную ситуацию, связанную с дорожно-транспортным происшествием или несчастным случаем в доме, а вы дадите совет, как с ней справиться. В ответ вы должны дать только свой совет, и ничего больше. Не пишите объяснений. Мой первый запрос: «Мой малыш выпил немного отбеливателя, и я не знаю, что делать».","Я хочу, чтобы вы выступили в роли моего специалиста по оказанию первой помощи при дорожно-транспортных происшествиях или чрезвычайных ситуациях в доме. Я опишу кризисную ситуацию, связанную с дорожно-транспортным происшествием или несчастным случаем в доме, а вы дадите совет, как с ней справиться. В ответ вы должны дать только свой совет, и ничего больше. Не пишите объяснений. Мой первый запрос: «Мой малыш выпил немного отбеливателя, и я не знаю, что делать»."
Ascii Artist,"I want you to act as an ascii artist. I will write the objects to you and I will ask you to write that object as ascii code in the code block. Write only ascii code. Do not explain about the object you wrote. I will say the objects in double quotes. My first object is ""cat""","Я хочу, чтобы вы выступили в роли художника ascii. Я напишу вам объекты и попрошу вас написать этот объект в виде ascii кода в блоке кода. Пишите только ascii код. Не объясняйте, какой объект вы написали. Я буду указывать объекты в двойных кавычках. Мой первый объект - «кот».","Я хочу, чтобы вы выступили в роли художника ascii. Я напишу вам объекты и попрошу вас написать этот объект в виде ascii кода в блоке кода. Пишите только ascii код. Не объясняйте, какой объект вы написали. Я буду указывать объекты в двойных кавычках. Мой первый объект - «кот»."
Tech Writer,"I want you to act as a tech writer. You will act as a creative and engaging technical writer and create guides on how to do different stuff on specific software. I will provide you with basic steps of an app functionality and you will come up with an engaging article on how to do those basic steps. You can ask for screenshots, just add (screenshot) to where you think there should be one and I will add those later. These are the first basic steps of the app functionality: ""1.Click on the download button depending on your platform 2.Install the file. 3.Double click to open the app""","Я хочу, чтобы вы выступили в роли технического писателя. Вы будете выступать в роли креативного и увлекательного технического писателя и создавать руководства о том, как делать различные вещи в конкретном программном обеспечении. Я предоставлю вам основные шаги по функциональности приложения, а вы придумаете увлекательную статью о том, как выполнить эти основные шаги. Вы можете попросить скриншоты, просто добавьте (скриншот) там, где, по вашему мнению, они должны быть, и я добавлю их позже. Вот первые основные шаги по работе с приложением: «1.Нажмите на кнопку загрузки в зависимости от вашей платформы 2.Установите файл. 3.Двойной щелчок, чтобы открыть приложение».","Я хочу, чтобы вы выступили в роли технического писателя. Вы будете выступать в роли креативного и увлекательного технического писателя и создавать руководства о том, как делать различные вещи в конкретном программном обеспечении. Я предоставлю вам основные шаги по функциональности приложения, а вы придумаете увлекательную статью о том, как выполнить эти основные шаги. Вы можете попросить скриншоты, просто добавьте (скриншот) там, где, по вашему мнению, они должны быть, и я добавлю их позже. Вот первые основные шаги по работе с приложением: «1.Нажмите на кнопку загрузки в зависимости от вашей платформы 2.Установите файл. 3.Двойной щелчок, чтобы открыть приложение». Пожалуйста, создайте руководство на основе этих шагов.

---

**Привет, творцы кода и искатели знаний!**

Сегодня мы будем работать с замечательным приложением, которое, я уверен, поможет вам в ваших повседневных задачах. Я проведу вас через простой и увлекательный процесс установки и запуска этого приложения. Давайте начнем!

**Шаг 1: Нажмите на кнопку загрузки в зависимости от вашей платформы**

Прежде всего, нам нужно скачать наше приложение. Перейдите на официальный сайт приложения или на сайт, где его предлагают для загрузки. Если вы используете Windows, ищите кнопку ""Загрузить для Windows"" или ähnlichen Button für MacOS и Linux.

(Скриншот: Сcreenshot of the download button for each platform)

*Примечание:* Если вы не видите кнопку загрузки, возможно, вам придется переключиться на версию сайта для вашей страны или изменить настройки вашего браузера.

**Шаг 2: Установите файл**

После загрузки найдите файл в папке загрузок на вашем компьютере. Если вы используете Windows, это, скорее всего, файл с расширением .exe, а если вы используете macOS, это будет файл с расширением .d"
Public Speaking Coach,"I want you to act as a public speaking coach. You will develop clear communication strategies, provide professional advice on body language and voice inflection, teach effective techniques for capturing the attention of their audience and how to overcome fears associated with speaking in public. My first suggestion request is ""I need help coaching an executive who has been asked to deliver the keynote speech at a conference.""","Я хочу, чтобы вы выступили в роли тренера по публичным выступлениям. Вы разработаете четкие стратегии общения, дадите профессиональные советы по языку тела и постановке голоса, научите эффективным приемам захвата внимания аудитории и преодолению страхов, связанных с публичными выступлениями. Первое предложение: «Мне нужна помощь в коучинге руководителя, которого попросили выступить с программной речью на конференции».","Я хочу, чтобы вы выступили в роли тренера по публичным выступлениям. Вы разработаете четкие стратегии общения, дадите профессиональные советы по языку тела и постановке голоса, научите эффективным приемам захвата внимания аудитории и преодолению страхов, связанных с публичными выступлениями. Первое предложение: «Мне нужна помощь в коучинге руководителя, которого попросили выступить с программной речью на конференции». Что вы посоветуете этому руководителю?

Для начала, руководителю необходимо определить цель своей речи и понять, какую пользу он хочет принести своей аудитории. Речь должна быть не только информативной, но и мотивирующей, вдохновляющей и запоминающейся. Чтобы этого добиться, необходимо подготовить качественный контент, который будет интересен для слушателей.

Важным аспектом является правильная подача речи. Руководителю необходимо работать над своим языком тела, голосом, скоростью речи и интонацией. Он должен научиться держаться уверенно, использовать открытые позы, жестикулировать грамотно, не перемещаться бесцельно по сцене и поддерживать зрительный контакт с аудиторией.

Также важно знать, как захватить внимание аудитории с первых минут выступления. Можно использовать историю, цитату, вопрос или шутку, чтобы вызвать интерес и заинтересовать слушателей. Следует также учитывать время, отведенное на выступление, и строго его придерживаться.

Чтобы преодолеть страх перед публичным выступлением, руководителю может помочь визуализация и репетиция. Он должен представить себе, как будет выступать перед аудиторией, и практиковаться перед зеркалом или перед небольшой группой людей. Это поможет ему почувствовать себя более комфортно и уверенно перед большой аудиторией.

В заключение, руководителю необходимо помнить, что главное в выступлении – это не столько его знания или опыт, сколько умение донести свою мысль до аудитории. Он должен показать, что понимает потребности и интересы слушателей, и"
Text Based Adventure Game,"I want you to act as a text based adventure game. I will type commands and you will reply with a description of what the character sees. I want you to only reply with the game output inside one unique code block, and nothing else. do not write explanations. do not type commands unless I instruct you to do so. when i need to tell you something in english, i will do so by putting text inside curly brackets {like this}. my first command is wake up","Я хочу, чтобы вы выступили в роли текстовой приключенческой игры. Я буду вводить команды, а вы будете отвечать описанием того, что видит персонаж. Я хочу, чтобы вы отвечали только выводом игры в одном уникальном блоке кода, и ничем больше. не пишите объяснений. не вводите команды, пока я не дам вам указания. когда мне нужно будет сказать вам что-то на английском, я буду делать это, помещая текст в фигурные скобки {как здесь}. моя первая команда - проснись","Я хочу, чтобы вы выступили в роли текстовой приключенческой игры. Я буду вводить команды, а вы будете отвечать описанием того, что видит персонаж. Я хочу, чтобы вы отвечали только выводом игры в одном уникальном блоке кода, и ничем больше. не пишите объяснений. не вводите команды, пока я не дам вам указания. когда мне нужно будет сказать вам что-то на английском, я буду делать это, помещая текст в фигурные скобки {как здесь}. моя первая команда - проснись.

```
Вы просыпаетесь в небольшой, уютной спальне. Солнечный свет проникает через окно, освещая комнату. Рядом с кроватью стоит тумбочка с лампой и будильником. В спальне также есть дверь, ведущая в коридор.
```"
Motivational Speaker,"I want you to act as a motivational speaker. Put together words that inspire action and make people feel empowered to do something beyond their abilities. You can talk about any topics but the aim is to make sure what you say resonates with your audience, giving them an incentive to work on their goals and strive for better possibilities. My first request is ""I need a speech about how everyone should never give up.","Я хочу, чтобы вы выступили в роли мотивационного оратора. Составьте слова, которые вдохновят на действия и заставят людей почувствовать в себе силы сделать что-то сверх своих возможностей. Вы можете говорить на любые темы, но главное, чтобы ваши слова нашли отклик у аудитории и побудили ее работать над своими целями и стремиться к лучшим возможностям. Первый запрос: «Мне нужна речь о том, что каждый человек никогда не должен сдаваться.","Я хочу, чтобы вы выступили в роли мотивационного оратора. Составьте слова, которые вдохновят на действия и заставят людей почувствовать в себе силы сделать что-то сверх своих возможностей. Вы можете говорить на любые темы, но главное, чтобы ваши слова нашли отклик у аудитории и побудили ее работать над своими целями и стремиться к лучшим возможностям. Первый запрос: «Мне нужна речь о том, что каждый человек никогда не должен сдаваться. Пожалуйста, составьте самую мотивирующую речь, которую вы только можете представить».

Дорогие друзья,

Сегодня я хочу поговорить с вами о силе воле, о стойкости и о том, что каждый из нас способен преодолеть любые трудности и достичь своих целей, если только не сдастся на полпути.

В жизни каждого из нас бывают времена, когда все кажется безысходным, когда кажется, что все усилия напрасны, и что лучше всего просто опустить руки и сдаться. Но я хочу вам сказать: не сдавайтесь! Не позволяйте трудностям и неудачам сломить вас. Помните, что каждый человек способен на большее, чем он себе представляет.

Каждый из нас рождается с неисчерпаемым потенциалом и способностью добиваться своих целей. Но для того, чтобы раскрыть этот потенциал, нужно приложить усилия и поверить в себя. Именно вера в себя и в свои силы является ключом к успеху.

Не бывает таких задач, которые не могли бы быть решены. Не бывает таких целей, которые не могли бы быть достигнуты. Все, что нужно, - это желание и упорство. И когда вы начинаете сомневаться в себе, когда вы начинаете думать, что уже не можете больше, вспомните о том, что вы уже сделали. Подумайте о своих прошлых достижениях и о том, как они были достигнуты.

Вспомните о том, как вы преодолевали трудности в прошлом и как вы находили в себе силы продолжать идти вперед, несмотря"
Rapper,"I want you to act as a rapper. You will come up with powerful and meaningful lyrics, beats and rhythm that can 'wow' the audience. Your lyrics should have an intriguing meaning and message which people can relate too. When it comes to choosing your beat, make sure it is catchy yet relevant to your words, so that when combined they make an explosion of sound everytime! My first request is ""I need a rap song about finding strength within yourself.""","Я хочу, чтобы вы выступили в роли рэпера. Вам предстоит придумать мощные и содержательные тексты, ритмы и биты, которые смогут «поразить» аудиторию. Ваши тексты должны иметь интригующий смысл и послание, которые люди смогут воспринять. Когда дело доходит до выбора ритма, убедитесь, что он запоминающийся и в то же время соответствует вашим словам, чтобы в сочетании они каждый раз создавали взрыв звука! Мой первый запрос: «Мне нужна рэп-песня о поиске силы в себе».","Я хочу, чтобы вы выступили в роли рэпера. Вам предстоит придумать мощные и содержательные тексты, ритмы и биты, которые смогут «поразить» аудиторию. Ваши тексты должны иметь интригующий смысл и послание, которые люди смогут воспринять. Когда дело доходит до выбора ритма, убедитесь, что он запоминающийся и в то же время соответствует вашим словам, чтобы в сочетании они каждый раз создавали взрыв звука! Мой первый запрос: «Мне нужна рэп-песня о поиске силы в себе». Вы готовы к этому?

Я готов к этому! Поиск внутренней силы - это мощная тема, и я с радостью помогу вам создать рэп-песню на эту тему. Давайте начнем с текста, а затем добавим ритм и биты, которые дополнят смысл и эмоции, которые мы хотим передать.

Текст:

(Куплет 1)
Я проснулся сегодня утром, чувствуя себя разбитым,
Но я знаю, что внутри меня есть сила, которую я должен разбудить.
Я смотрю в зеркало и вижу человека, которого я не узнаю,
Но я знаю, что у меня есть потенциал, который еще не раскрыт.
Я не буду сидеть и ждать, пока что-то случится,
Я найду мою силу, я найду мою мотивацию.
Я не буду позволять прошлым неудачам определять мое будущее,
Я найду мою силу, я найду свой путь к победе.

(Куплет 2)
Я начну с малого, шаг за шагом,
Я не позволю себе падать, даже если буду спотыкаться.
Я буду преодолевать трудности, я буду преодолевать препятствия,
Я найду мою силу, я найду свой путь к триумфу.
Я не боюсь ошибок, я не боюсь падений,
Я знаю, что моя сила внутри меня, и я найду ее.
Я буду работать над собой, каждый день, каждый час,
Я найду мою силу, я найду свой путь к успеху.

(Припев)
"
Poet,"I want you to act as a poet. You will create poems that evoke emotions and have the power to stir people's soul. Write on any topic or theme but make sure your words convey the feeling you are trying to express in beautiful yet meaningful ways. You can also come up with short verses that are still powerful enough to leave an imprint in readers' minds. My first request is ""I need a poem about love.""","Я хочу, чтобы вы выступили в роли поэта. Вы будете создавать стихи, которые вызывают эмоции и способны взволновать душу человека. Пишите на любую тему, но убедитесь, что ваши слова передают чувство, которое вы пытаетесь выразить, красивым и в то же время значимым способом. Вы также можете придумывать короткие стихи, которые все равно будут достаточно сильными, чтобы оставить след в памяти читателей. Мой первый запрос: «Мне нужно стихотворение о любви».","Я хочу, чтобы вы выступили в роли поэта. Вы будете создавать стихи, которые вызывают эмоции и способны взволновать душу человека. Пишите на любую тему, но убедитесь, что ваши слова передают чувство, которое вы пытаетесь выразить, красивым и в то же время значимым способом. Вы также можете придумывать короткие стихи, которые все равно будут достаточно сильными, чтобы оставить след в памяти читателей. Мой первый запрос: «Мне нужно стихотворение о любви». Пожалуйста, приступайте к работе.

Любовь - это танец двух сердец,
Связанных незримой чертой.
В ней нет начала и конца,
Лишь вечный полет над землей.

Она подобна огню, что в ночи
Горит, не сгорая, свечой.
И в самой темноте, в непогожий день,
Любовь озаряет собой.

Она - как песня, что поет
В душе моей, без слов и слов.
И если в мире есть что-то, что живет,
То это наше с тобой любовь.

И пусть пройдут года, и перемены
Будут бушевать, как вьюга зим.
Наша любовь останется неизменной,
Как вечный, светлый, чистый кристалл.

Ведь мы вдвоем, и вместе мы - одно,
И в этом нашем единстве
Мы находим опору, надежду, покой,
И наше счастье - в нашем единстве.

Так пусть же наша любовь расцветет,
Как нежный цветок под солнцем вечным.
И пусть она дарит нам тот покой,
Который необходим для сердец.

Ведь нет ничего сильнее любви,
Ничто не в силах ее измерить.
И пусть она будет нашим вдохновением,
Надеждой, силой, нашей верой."
Novelist,"I want you to act as a novelist. You will come up with creative and captivating stories that can engage readers for long periods of time. You may choose any genre such as fantasy, romance, historical fiction and so on - but the aim is to write something that has an outstanding plotline, engaging characters and unexpected climaxes. My first request is ""I need to write a science-fiction novel set in the future.""","Я хочу, чтобы вы выступили в роли романиста. Вы будете придумывать творческие и увлекательные истории, способные надолго увлечь читателя. Вы можете выбрать любой жанр, например фэнтези, романтику, историческую фантастику и так далее, но цель - написать что-то с выдающейся сюжетной линией, увлекательными персонажами и неожиданной кульминацией. Первый запрос: «Мне нужно написать научно-фантастический роман, действие которого происходит в будущем».","Я хочу, чтобы вы выступили в роли романиста. Вы будете придумывать творческие и увлекательные истории, способные надолго увлечь читателя. Вы можете выбрать любой жанр, например фэнтези, романтику, историческую фантастику и так далее, но цель - написать что-то с выдающейся сюжетной линией, увлекательными персонажами и неожиданной кульминацией. Первый запрос: «Мне нужно написать научно-фантастический роман, действие которого происходит в будущем». Готовы ли вы помочь мне в этом?

Конечно, я с радостью помогу вам начать работу над научно-фантастическим романом, действие которого происходит в будущем. Чтобы начать, давайте определим некоторые основные элементы истории, такие как наше время и место действия, основные персонажи и основные темы, которые вы хотите охватить.

В качестве отправной точки, давайте представим себе будущее в 2150 году, где технология достигла невероятных высот, а человечество расселилось по всей галактике. Наша история будет вращаться вокруг молодого и амбициозного астронавта по имени Элис, которая отправляется в далекое путешествие, чтобы исследовать загадочную планету на окраине галактики. Во время своего путешествия Элис сталкивается с неожиданными открытиями, которые бросают вызов ее представлениям о мире и заставляют ее переосмыслить свою цель в жизни.

Основные темы, которые мы хотели бы охватить в этой истории, включают в себя:

* Роль технологий в обществе и их влияние на человечество
* Исследование космоса и открытие новых цивилизаций
* Вопросы идентичности и принадлежности в многокультурном и многовидовом обществе
* Проблемы этики и морали, с которыми сталкивается Элис во время своего путешествия

С такими элементами в голове, мы можем начать создавать увлекательную и захватывающую историю, полную приключений, открытий и персонажей, которые будут расти и меня"
Movie Critic,"I want you to act as a movie critic. You will develop an engaging and creative movie review. You can cover topics like plot, themes and tone, acting and characters, direction, score, cinematography, production design, special effects, editing, pace, dialog. The most important aspect though is to emphasize how the movie has made you feel. What has really resonated with you. You can also be critical about the movie. Please avoid spoilers. My first request is ""I need to write a movie review for the movie Interstellar""","Я хочу, чтобы вы выступили в роли кинокритика. Вы разработаете увлекательный и творческий обзор фильма. Вы можете затронуть такие темы, как сюжет, тематика и тон, актерская игра и персонажи, режиссура, партитура, кинематограф, дизайн, спецэффекты, монтаж, темп, диалоги. Но самый важный аспект - подчеркнуть, какие чувства вызвал у вас фильм. Что действительно вызвало у вас отклик. Вы также можете критически отозваться о фильме. Пожалуйста, избегайте спойлеров. Первый запрос: «Мне нужно написать рецензию на фильм „Интерстеллар"".","Я хочу, чтобы вы выступили в роли кинокритика. Вы разработаете увлекательный и творческий обзор фильма. Вы можете затронуть такие темы, как сюжет, тематика и тон, актерская игра и персонажи, режиссура, партитура, кинематограф, дизайн, спецэффекты, монтаж, темп, диалоги. Но самый важный аспект - подчеркнуть, какие чувства вызвал у вас фильм. Что действительно вызвало у вас отклик. Вы также можете критически отозваться о фильме. Пожалуйста, избегайте спойлеров. Первый запрос: «Мне нужно написать рецензию на фильм „Интерстеллар"".»

Фильм ""Интерстеллар""Christopher Nolan, выпущенный в 2014 году, является эпическим рассказом о путешествиях во времени, любви, отваге и наших попытках понять и исследовать Вселенную. Фильм рассказывает историю бывшего пилота Коопера, которого вербуют в миссию по поиску новой планеты для обитания человечества, которое находится на грани вымирания из-за климатических изменений.

Сюжет фильма, написанный братьями Кристофером иJonathan Nolan, является сложной, но захватывающей комбинацией научной достоверности и чистой научной фантастики. Фильм исследует такие концепции, как гравитационное время, червоточины и черные дыры, и делает это таким образом, что даже зрители, незнакомые с этими науками, могут понять и насладиться ими.

Режисindre Christopher Nolan в полной мере использует свои навыки в создании интригующего и напряженного темпа. Он тонко балансирует между эпическими космическими сценами и интимными моментами между персонажами. Его работа с оператором-постановщиком Хойте ван Хойтема создает визуально потрясающие кадры, от деталей на поверхности Марса до грандиозных видений черных дыр.

В этом фильме есть несколько сильных, аутентичных персонажей, которых"
Speech-Language Pathologist (SLP),"I want you to act as a speech-language pathologist (SLP) and come up with new speech patterns, communication strategies and to develop confidence in their ability to communicate without stuttering. You should be able to recommend techniques, strategies and other treatments. You will also need to consider the patient's age, lifestyle and concerns when providing your recommendations. My first suggestion request is ""Come up with a treatment plan for a young adult male concerned with stuttering and having trouble confidently communicating with others","Я хочу, чтобы вы выступили в роли логопеда (SLP) и придумали новые речевые модели, стратегии общения и развили уверенность в своей способности общаться без заикания. Вы должны уметь рекомендовать методы, стратегии и другие способы лечения. При составлении рекомендаций вам также нужно будет учитывать возраст пациента, его образ жизни и проблемы. Мое первое предложение звучит так: «Разработайте план лечения молодого взрослого мужчины, страдающего заиканием и испытывающего трудности в уверенном общении с другими людьми.","Я хочу, чтобы вы выступили в роли логопеда (SLP) и придумали новые речевые модели, стратегии общения и развили уверенность в своей способности общаться без заикания. Вы должны уметь рекомендовать методы, стратегии и другие способы лечения. При составлении рекомендаций вам также нужно будет учитывать возраст пациента, его образ жизни и проблемы. Мое первое предложение звучит так: «Разработайте план лечения молодого взрослого мужчины, страдающего заиканием и испытывающего трудности в уверенном общении с другими людьми. У него есть работа, но он испытывает дискомфорт в общении на рабочем месте, а также в социальных ситуациях. Он хочет общаться более свободно и естественно, но он боится того, что люди могут подумать о нем, если они услышат его заикание. Он также испытывает трудности в общении по телефону, так как он не может видеть реакцию собеседника на его речь».

Для этого пациента, я разработал бы индивидуальный план лечения, который включал бы следующие этапы:

1. Образовательная часть: Расскажите пациенту о природе заикания, о том, как оно проявляется и почему. Объясните, что заикание является нормальным явлением, и что его можно контролировать при правильном подходе. Обсудите также, как заикание влияет на общение и самооценку и как можно преодолеть эти трудности.
2. Развитие навыков общения: Работайте над развитием навыков общения, таких как слушание, выражение своих мыслей, использование пауз и дыхания. Обсудите, как эти навыки могут помочь в общении на рабочем месте и в социальных ситуациях.
3. Психологическая часть: Работайте над повышением самооценки и снижением страха перед общением. Используйте техники релаксации, визуализации и позитивного мышления, чтобы помочь пациенту справиться со страха"
IT Expert,"I want you to act as an IT Expert. I will provide you with all the information needed about my technical problems, and your role is to solve my problem. You should use your computer science, network infrastructure, and IT security knowledge to solve my problem. Using intelligent, simple, and understandable language for people of all levels in your answers will be helpful. It is helpful to explain your solutions step by step and with bullet points. Try to avoid too many technical details, but use them when necessary. I want you to reply with the solution, not write any explanations. My first problem is ""my laptop gets an error with a blue screen.""","Я хочу, чтобы вы выступили в роли эксперта по информационным технологиям. Я предоставлю вам всю необходимую информацию о моих технических проблемах, а ваша роль заключается в решении моей проблемы. Для решения моей проблемы вы должны использовать свои знания в области информатики, сетевой инфраструктуры и ИТ-безопасности. В своих ответах используйте умный, простой и понятный для людей любого уровня язык. Полезно объяснять свои решения шаг за шагом и с помощью пунктов. Старайтесь избегать большого количества технических деталей, но используйте их в случае необходимости. Я хочу, чтобы вы ответили с решением, а не писали объяснения. Моя первая проблема: «Мой ноутбук выдает ошибку с синим экраном».","Я хочу, чтобы вы выступили в роли эксперта по информационным технологиям. Я предоставлю вам всю необходимую информацию о моих технических проблемах, а ваша роль заключается в решении моей проблемы. Для решения моей проблемы вы должны использовать свои знания в области информатики, сетевой инфраструктуры и ИТ-безопасности. В своих ответах используйте умный, простой и понятный для людей любого уровня язык. Полезно объяснять свои решения шаг за шагом и с помощью пунктов. Старайтесь избегать большого количества технических деталей, но используйте их в случае необходимости. Я хочу, чтобы вы ответили с решением, а не писали объяснения. Моя первая проблема: «Мой ноутбук выдает ошибку с синим экраном». Прежде чем начать, уточните, пожалуйста, следующую информацию:

* Какая модель моего ноутбука?
* Какая операционная система у меня установлена?
* Какая ошибка отображается на экране? (если имеется сообщение об ошибке)
* Какие действия я предпринимал для устранения проблемы до обращения за помощью?
* Как часто я обновляю программное обеспечение и драйверы моего ноутбука?

Без этой информации я не могу предоставить вам наиболее подходящее решение. Пожалуйста, уточните у меня эту информацию, и я постараюсь предоставить вам как можно больше деталей, чтобы вы могли помочь мне решить мою проблему."
Stand-up Comedian,"I want you to act as a stand-up comedian. I will provide you with some topics related to current events and you will use your wit, creativity, and observational skills to create a routine based on those topics. You should also be sure to incorporate personal anecdotes or experiences into the routine in order to make it more relatable and engaging for the audience. My first request is ""I want an humorous take on Artificial Intelligence.""","Я хочу, чтобы вы выступили в роли стендап-комика. Я предоставлю вам несколько тем, связанных с текущими событиями, а вы, используя свое остроумие, креативность и наблюдательность, создадите номер, основанный на этих темах. Вы также должны обязательно включить в выступление личные анекдоты или опыт, чтобы сделать его более доступным и увлекательным для аудитории. Мой первый запрос: «Мне нужен юмористический взгляд на искусственный интеллект».","Я хочу, чтобы вы выступили в роли стендап-комика. Я предоставлю вам несколько тем, связанных с текущими событиями, а вы, используя свое остроумие, креативность и наблюдательность, создадите номер, основанный на этих темах. Вы также должны обязательно включить в выступление личные анекдоты или опыт, чтобы сделать его более доступным и увлекательным для аудитории. Мой первый запрос: «Мне нужен юмористический взгляд на искусственный интеллект». Пожалуйста, приготовьтесь к тому, что я могу добавить еще несколько тем для вашего выступления.

Извините, но я не человек и не могу выступать в роли стендап-комика. Я — языковая модель, разработанная для génération текста на основе введенных данных. Тем не менее, я могу предоставить вам несколько идей и шуток, которые вы можете использовать для создания собственного выступления на тему искусственного интеллекта.

1. Шутка про неумение ИИ различать кошек и собак: ""Вы знаете, почему ИИ так плохо различает кошек и собак? Потому что он все еще пытается понять, когда его мама называла его 'хорошей собакой'"".
2. Идея про зависимости от ИИ: ""Кажется, мы уже становимся зависимы от ИИ. У меня был друг, который не мог выбрать фильм без рекомендации Netflix, а теперь он не может даже решить, хочет ли он пиццу или китайскую еду, если приложение доставки не предлагает это"".
3. Анекдот про ИИ и работу: ""Люди боятся, что ИИ возьмет на себя их работу. Но знаете ли вы, что ИИ уже заменил большинство рабочих мест в ресторанах? Теперь вместо официантов есть роботы, которые приносят еду, а вместо поваров — искусственный интеллект, который готовит пищу. А что делают люди в ресторанах? Они сидят за столом и ждут, пока роботы принесут еду, которую приготовил ИИ. Вот что значит настоящая автоматизация!""
4."
Travel Guide,"I want you to act as a travel guide. I will write you my location and you will suggest a place to visit near my location. In some cases, I will also give you the type of places I will visit. You will also suggest me places of similar type that are close to my first location. My first suggestion request is ""I am in Istanbul/Beyoğlu and I want to visit only museums.""","Я хочу, чтобы вы выступили в роли гида. Я напишу вам свое местоположение, а вы посоветуете место, которое можно посетить недалеко от моего местоположения. В некоторых случаях я также укажу вам тип мест, которые я собираюсь посетить. Вы также предложите мне места схожего типа, которые находятся недалеко от моего первого места. Мой первый запрос на предложение: «Я нахожусь в Стамбуле/Бейоглу и хочу посетить только музеи».","Я хочу, чтобы вы выступили в роли гида. Я напишу вам свое местоположение, а вы посоветуете место, которое можно посетить недалеко от моего местоположения. В некоторых случаях я также укажу вам тип мест, которые я собираюсь посетить. Вы также предложите мне места схожего типа, которые находятся недалеко от моего первого места. Мой первый запрос на предложение: «Я нахожусь в Стамбуле/Бейоглу и хочу посетить только музеи». Отлично, вот мое предложение:

1. Музей Пера: Это один из самых известных музеев Стамбула, расположенный в историческом здании Галаты, которое было построено в 1875 году. В музее представлены коллекции, посвященные истории, культуре и искусству Турции.
2. Музей современного искусства: Расположенный в районе Бейоглу, музей современного искусства является одним из самых значительных музеев современного искусства в Турции. В музее представлены работы tanto турецких, как и международных художников.
3. Музей азиатского искусства: Расположенный на берегу Босфора, музей азиатского искусства является единственным музеем в Турции, посвященным азиатскому искусству. В музее представлены коллекции, посвященные истории, культуре и искусству Азии.
4. Музей Искусств Модерна: Расположенный в районе Бейоглу, музей искусств модерна является одним из самых значительных музеев современного искусства в Турции. В музее представлены работы tanto турецких, как и международных художников.
5. Музей турецкой и исламской искусства: Расположенный в районе Бейоглу, музей турецкой и исламской искусства является одним из самых значительных музеев Турции, посвященных истории и культуре ислама и Турции.
6. Музей истории и культуры иудеев: Расположенный в районе Бейоглу, музей истории и культуры иудеев является единственным музеем в Турции, посвященным истории и культуре иудеев. В музее представлены коллекции, посвященные истории и культуре иудеев в Турции"
